id;original_name;unique_name;file_type;file_path;upload_time
e18489c6-b4e0-4f43-8664-93b5a7b990ee;rt2jn6hdzv760yvna0ccuvkht4r08zom.jpg;6642880f-992f-4980-9dfe-7ae37c7dc58e_1753436404623.jpg;image/jpeg;uploads\6642880f-992f-4980-9dfe-7ae37c7dc58e_1753436404623.jpg;2025-07-25 15:40:04.67901
48a3d860-9ab1-4239-8f58-30e504b1dd62;18418543.png;3ee8117c-ecd5-4980-85f6-df8a20aef484_1753436404648.png;image/png;uploads\3ee8117c-ecd5-4980-85f6-df8a20aef484_1753436404648.png;2025-07-25 15:40:04.70701
ff3c6385-986e-4a34-9325-f11c30007251;rt2jn6hdzv760yvna0ccuvkht4r08zom.jpg;e9a65873-cc9d-4e52-8b29-1f08224b56ef_1753436454372.jpg;image/jpeg;uploads\e9a65873-cc9d-4e52-8b29-1f08224b56ef_1753436454372.jpg;2025-07-25 15:40:54.382875
33be5d4a-0cd7-44c5-9b89-83e39ca87ef2;18418543.png;8577d15a-8658-4059-857b-369af2f66cbd_1753436454378.png;image/png;uploads\8577d15a-8658-4059-857b-369af2f66cbd_1753436454378.png;2025-07-25 15:40:54.389859
1bf3ca88-9d65-48ec-8dee-4a7610b0dafa;rt2jn6hdzv760yvna0ccuvkht4r08zom.jpg;794e1a92-da9c-445d-9f93-56749ff97dc2_1753436468680.jpg;image/jpeg;uploads\794e1a92-da9c-445d-9f93-56749ff97dc2_1753436468680.jpg;2025-07-25 15:41:08.687906
71550370-ad25-41bb-a6aa-a424351ad34d;18418543.png;adfb854a-b1c6-4991-92be-9d97ef76372d_1753436468685.png;image/png;uploads\adfb854a-b1c6-4991-92be-9d97ef76372d_1753436468685.png;2025-07-25 15:41:08.694914
a4c4538d-614e-47f7-94bd-40693d57374d;apple.svg;a2587966-a079-4907-b4dc-3caac7dda4d6_1753436825791.svg;image/svg+xml;uploads\a2587966-a079-4907-b4dc-3caac7dda4d6_1753436825791.svg;2025-07-25 15:47:05.798226
f0f0a8f3-f432-4582-b7c2-2a2805dcb869;apple.svg;3d86a6ee-c329-4715-88c8-e6b85fcdc0da_1753436844323.svg;image/svg+xml;uploads\3d86a6ee-c329-4715-88c8-e6b85fcdc0da_1753436844323.svg;2025-07-25 15:47:24.327833
b27cdb76-3833-4450-82d8-ad292745811f;apple.svg;9d3a9480-8520-44e1-92f4-533ad40584db_1753436994832.svg;image/svg+xml;uploads\9d3a9480-8520-44e1-92f4-533ad40584db_1753436994832.svg;2025-07-25 15:49:54.836579
1018429a-3d2a-4724-9089-26e7f28ccc54;apple.svg;2b7ccfad-bcc9-40df-b61d-6b336d061e55_1753437079172.svg;image/svg+xml;uploads\2b7ccfad-bcc9-40df-b61d-6b336d061e55_1753437079172.svg;2025-07-25 15:51:19.175888
c2121bcd-9db9-43f7-9cba-e71ee2e12f03;apple.svg;81fdc016-3648-466e-b446-18bc04c8da29_1753437084762.svg;image/svg+xml;uploads\81fdc016-3648-466e-b446-18bc04c8da29_1753437084762.svg;2025-07-25 15:51:24.765798
e38fbe2e-c7ae-435c-8813-5dcd99b22863;apple.svg;54b5dd3f-63a0-4125-a7f1-9fdab56433a7_1753437096380.svg;image/svg+xml;uploads\54b5dd3f-63a0-4125-a7f1-9fdab56433a7_1753437096380.svg;2025-07-25 15:51:36.38469
48d70605-5bbb-4ad7-9a35-114bc1058e80;apple.svg;e78f0871-494e-4b5a-8906-f68e2c422a5a_1753437910050.svg;image/svg+xml;uploads\e78f0871-494e-4b5a-8906-f68e2c422a5a_1753437910050.svg;2025-07-25 16:05:10.055844
